"salary_id","employee_id","salary","effective_date"
1,1001,"51992.00","2023-01-01"
2,1001,"57566.00","2024-01-01"
3,1001,"59588.00","2025-01-01"
4,1002,"47148.00","2023-01-01"
5,1002,"51738.00","2024-01-01"
6,1002,"53420.00","2025-01-01"
7,1003,"124622.00","2023-01-01"
8,1003,"129008.00","2024-01-01"
9,1003,"140236.00","2025-01-01"
10,1004,"96357.00","2023-01-01"
11,1004,"99473.00","2024-01-01"
12,1004,"108961.00","2025-01-01"
13,1005,"82608.00","2023-01-01"
14,1005,"86140.00","2024-01-01"
15,1005,"91768.00","2025-01-01"
16,1006,"117352.00","2023-01-01"
17,1006,"122536.00","2024-01-01"
18,1006,"124726.00","2025-01-01"
19,1007,"62266.00","2023-01-01"
20,1007,"65630.00","2024-01-01"
21,1007,"72780.00","2025-01-01"
22,1008,"96652.00","2023-01-01"
23,1008,"103792.00","2024-01-01"
24,1008,"109356.00","2025-01-01"
25,1009,"82500.00","2023-01-01"
26,1009,"88049.00","2024-01-01"
27,1009,"92984.00","2025-01-01"
28,1010,"65403.00","2023-01-01"
29,1010,"69367.00","2024-01-01"
30,1010,"76997.00","2025-01-01"
31,1011,"61478.00","2023-01-01"
32,1011,"65183.00","2024-01-01"
33,1011,"76754.00","2025-01-01"
34,1012,"131423.00","2023-01-01"
35,1012,"135375.00","2024-01-01"
36,1012,"138905.00","2025-01-01"
37,1013,"48653.00","2023-01-01"
38,1013,"53173.00","2024-01-01"
39,1013,"59853.00","2025-01-01"
40,1014,"52808.00","2023-01-01"
41,1014,"57195.00","2024-01-01"
42,1014,"58978.00","2025-01-01"
43,1015,"35271.00","2023-01-01"
44,1015,"42042.00","2024-01-01"
45,1015,"42601.00","2025-01-01"
46,1016,"128799.00","2023-01-01"
47,1016,"133364.00","2024-01-01"
48,1016,"136973.00","2025-01-01"
49,1017,"110562.00","2023-01-01"
50,1017,"116669.00","2024-01-01"
51,1017,"121264.00","2025-01-01"
52,1018,"87721.00","2023-01-01"
53,1018,"91871.00","2024-01-01"
54,1018,"102977.00","2025-01-01"
55,1019,"52847.00","2023-01-01"
56,1019,"57698.00","2024-01-01"
57,1019,"61931.00","2025-01-01"
58,1020,"50421.00","2023-01-01"
59,1020,"54871.00","2024-01-01"
60,1020,"61253.00","2025-01-01"
61,1021,"34732.00","2023-01-01"
62,1021,"39899.00","2024-01-01"
63,1021,"42246.00","2025-01-01"
64,1022,"48746.00","2023-01-01"
65,1022,"56486.00","2024-01-01"
66,1022,"60702.00","2025-01-01"
67,1023,"84353.00","2023-01-01"
68,1023,"91036.00","2024-01-01"
69,1023,"93145.00","2025-01-01"
70,1024,"50075.00","2023-01-01"
71,1024,"56234.00","2024-01-01"
72,1024,"58625.00","2025-01-01"
73,1025,"93699.00","2023-01-01"
74,1025,"98424.00","2024-01-01"
75,1025,"106807.00","2025-01-01"
76,1026,"107453.00","2023-01-01"
77,1026,"112152.00","2024-01-01"
78,1026,"119059.00","2025-01-01"
79,1027,"23014.00","2023-01-01"
80,1027,"28217.00","2024-01-01"
81,1027,"30500.00","2025-01-01"
82,1028,"49126.00","2023-01-01"
83,1028,"54241.00","2024-01-01"
84,1028,"58700.00","2025-01-01"
85,1029,"25586.00","2023-01-01"
86,1029,"28843.00","2024-01-01"
87,1029,"33474.00","2025-01-01"
88,1030,"128560.00","2023-01-01"
89,1030,"135452.00","2024-01-01"
90,1030,"136850.00","2025-01-01"
91,1031,"106425.00","2023-01-01"
92,1031,"112070.00","2024-01-01"
93,1031,"118523.00","2025-01-01"
94,1032,"123842.00","2023-01-01"
95,1032,"131662.00","2024-01-01"
96,1032,"130396.00","2025-01-01"
97,1033,"67998.00","2023-01-01"
98,1033,"73937.00","2024-01-01"
99,1033,"74126.00","2025-01-01"
100,1034,"82508.00","2023-01-01"
101,1034,"89403.00","2024-01-01"
102,1034,"93990.00","2025-01-01"
103,1035,"82389.00","2023-01-01"
104,1035,"86921.00","2024-01-01"
105,1035,"94253.00","2025-01-01"
106,1036,"44295.00","2023-01-01"
107,1036,"51119.00","2024-01-01"
108,1036,"59253.00","2025-01-01"
109,1037,"46292.00","2023-01-01"
110,1037,"52888.00","2024-01-01"
111,1037,"59770.00","2025-01-01"
112,1038,"37752.00","2023-01-01"
113,1038,"44315.00","2024-01-01"
114,1038,"50294.00","2025-01-01"
115,1039,"58588.00","2023-01-01"
116,1039,"63657.00","2024-01-01"
117,1039,"70702.00","2025-01-01"
118,1040,"39924.00","2023-01-01"
119,1040,"46877.00","2024-01-01"
120,1040,"52496.00","2025-01-01"
121,1041,"125980.00","2023-01-01"
122,1041,"130899.00","2024-01-01"
123,1041,"140286.00","2025-01-01"
124,1042,"56993.00","2023-01-01"
125,1042,"63481.00","2024-01-01"
126,1042,"67405.00","2025-01-01"
127,1043,"90547.00","2023-01-01"
128,1043,"98405.00","2024-01-01"
129,1043,"97013.00","2025-01-01"
130,1044,"70153.00","2023-01-01"
131,1044,"74516.00","2024-01-01"
132,1044,"81077.00","2025-01-01"
133,1045,"105437.00","2023-01-01"
134,1045,"110062.00","2024-01-01"
135,1045,"120741.00","2025-01-01"
136,1046,"56283.00","2023-01-01"
137,1046,"62012.00","2024-01-01"
138,1046,"63163.00","2025-01-01"
139,1047,"103989.00","2023-01-01"
140,1047,"108147.00","2024-01-01"
141,1047,"115659.00","2025-01-01"
142,1048,"125066.00","2023-01-01"
143,1048,"129420.00","2024-01-01"
144,1048,"138612.00","2025-01-01"
145,1049,"138607.00","2023-01-01"
146,1049,"143248.00","2024-01-01"
147,1049,"147425.00","2025-01-01"
148,1050,"133294.00","2023-01-01"
149,1050,"136952.00","2024-01-01"
150,1050,"142318.00","2025-01-01"
151,1051,"29892.00","2023-01-01"
152,1051,"36468.00","2024-01-01"
153,1051,"37368.00","2025-01-01"
154,1052,"27321.00","2023-01-01"
155,1052,"34870.00","2024-01-01"
156,1052,"39451.00","2025-01-01"
157,1053,"133850.00","2023-01-01"
158,1053,"138155.00","2024-01-01"
159,1053,"145496.00","2025-01-01"
160,1054,"100504.00","2023-01-01"
161,1054,"108008.00","2024-01-01"
162,1054,"112960.00","2025-01-01"
163,1055,"54880.00","2023-01-01"
164,1055,"60962.00","2024-01-01"
165,1055,"68472.00","2025-01-01"
166,1056,"31988.00","2023-01-01"
167,1056,"38163.00","2024-01-01"
168,1056,"40092.00","2025-01-01"
169,1057,"57877.00","2023-01-01"
170,1057,"64152.00","2024-01-01"
171,1057,"69235.00","2025-01-01"
172,1058,"57891.00","2023-01-01"
173,1058,"65781.00","2024-01-01"
174,1058,"70343.00","2025-01-01"
175,1059,"118254.00","2023-01-01"
176,1059,"124095.00","2024-01-01"
177,1059,"132254.00","2025-01-01"
178,1060,"110749.00","2023-01-01"
179,1060,"115565.00","2024-01-01"
180,1060,"126719.00","2025-01-01"
181,1061,"42125.00","2023-01-01"
182,1061,"48148.00","2024-01-01"
183,1061,"54059.00","2025-01-01"
184,1062,"40731.00","2023-01-01"
185,1062,"43744.00","2024-01-01"
186,1062,"56547.00","2025-01-01"
187,1063,"56293.00","2023-01-01"
188,1063,"61177.00","2024-01-01"
189,1063,"64555.00","2025-01-01"
190,1064,"98529.00","2023-01-01"
191,1064,"101891.00","2024-01-01"
192,1064,"107989.00","2025-01-01"
193,1065,"115975.00","2023-01-01"
194,1065,"119735.00","2024-01-01"
195,1065,"127537.00","2025-01-01"
196,1066,"137657.00","2023-01-01"
197,1066,"144144.00","2024-01-01"
198,1066,"146125.00","2025-01-01"
199,1067,"97319.00","2023-01-01"
200,1067,"103487.00","2024-01-01"
201,1067,"111193.00","2025-01-01"
202,1068,"82906.00","2023-01-01"
203,1068,"89360.00","2024-01-01"
204,1068,"91846.00","2025-01-01"
205,1069,"59267.00","2023-01-01"
206,1069,"66505.00","2024-01-01"
207,1069,"67009.00","2025-01-01"
208,1070,"125630.00","2023-01-01"
209,1070,"131466.00","2024-01-01"
210,1070,"133290.00","2025-01-01"
211,1071,"95714.00","2023-01-01"
212,1071,"100031.00","2024-01-01"
213,1071,"106940.00","2025-01-01"
214,1072,"69595.00","2023-01-01"
215,1072,"76748.00","2024-01-01"
216,1072,"81885.00","2025-01-01"
217,1073,"35620.00","2023-01-01"
218,1073,"42602.00","2024-01-01"
219,1073,"48200.00","2025-01-01"
220,1074,"135714.00","2023-01-01"
221,1074,"141195.00","2024-01-01"
222,1074,"148676.00","2025-01-01"
223,1075,"37609.00","2023-01-01"
224,1075,"45553.00","2024-01-01"
225,1075,"50985.00","2025-01-01"
226,1076,"40855.00","2023-01-01"
227,1076,"47734.00","2024-01-01"
228,1076,"52343.00","2025-01-01"
229,1077,"81678.00","2023-01-01"
230,1077,"85592.00","2024-01-01"
231,1077,"90608.00","2025-01-01"
232,1078,"78668.00","2023-01-01"
233,1078,"84809.00","2024-01-01"
234,1078,"85978.00","2025-01-01"
235,1079,"66233.00","2023-01-01"
236,1079,"71994.00","2024-01-01"
237,1079,"81901.00","2025-01-01"
238,1080,"105345.00","2023-01-01"
239,1080,"112563.00","2024-01-01"
240,1080,"118799.00","2025-01-01"
241,1081,"40099.00","2023-01-01"
242,1081,"46906.00","2024-01-01"
243,1081,"50713.00","2025-01-01"
244,1082,"137441.00","2023-01-01"
245,1082,"144451.00","2024-01-01"
246,1082,"150981.00","2025-01-01"
247,1083,"127622.00","2023-01-01"
248,1083,"135531.00","2024-01-01"
249,1083,"139672.00","2025-01-01"
250,1084,"114318.00","2023-01-01"
251,1084,"120082.00","2024-01-01"
252,1084,"125170.00","2025-01-01"
253,1085,"35558.00","2023-01-01"
254,1085,"40747.00","2024-01-01"
255,1085,"44486.00","2025-01-01"
256,1086,"122486.00","2023-01-01"
257,1086,"128902.00","2024-01-01"
258,1086,"128772.00","2025-01-01"
259,1087,"134806.00","2023-01-01"
260,1087,"140244.00","2024-01-01"
261,1087,"141388.00","2025-01-01"
262,1088,"123365.00","2023-01-01"
263,1088,"129291.00","2024-01-01"
264,1088,"129963.00","2025-01-01"
265,1089,"133809.00","2023-01-01"
266,1089,"138845.00","2024-01-01"
267,1089,"142679.00","2025-01-01"
268,1090,"45237.00","2023-01-01"
269,1090,"49011.00","2024-01-01"
270,1090,"53301.00","2025-01-01"
271,1091,"130290.00","2023-01-01"
272,1091,"136821.00","2024-01-01"
273,1091,"140790.00","2025-01-01"
274,1092,"34931.00","2023-01-01"
275,1092,"39930.00","2024-01-01"
276,1092,"49507.00","2025-01-01"
277,1093,"100031.00","2023-01-01"
278,1093,"103363.00","2024-01-01"
279,1093,"107283.00","2025-01-01"
280,1094,"80586.00","2023-01-01"
281,1094,"83899.00","2024-01-01"
282,1094,"88990.00","2025-01-01"
283,1095,"92941.00","2023-01-01"
284,1095,"99069.00","2024-01-01"
285,1095,"107339.00","2025-01-01"
286,1096,"42289.00","2023-01-01"
287,1096,"47762.00","2024-01-01"
288,1096,"55211.00","2025-01-01"
289,1097,"53078.00","2023-01-01"
290,1097,"57584.00","2024-01-01"
291,1097,"63286.00","2025-01-01"
292,1098,"114861.00","2023-01-01"
293,1098,"118814.00","2024-01-01"
294,1098,"123999.00","2025-01-01"
295,1099,"63164.00","2023-01-01"
296,1099,"68647.00","2024-01-01"
297,1099,"77586.00","2025-01-01"
298,1100,"100737.00","2023-01-01"
299,1100,"104137.00","2024-01-01"
300,1100,"112867.00","2025-01-01"
301,1101,"49510.00","2023-01-01"
302,1101,"54272.00","2024-01-01"
303,1101,"62668.00","2025-01-01"
304,1102,"123410.00","2023-01-01"
305,1102,"128677.00","2024-01-01"
306,1102,"137626.00","2025-01-01"
307,1103,"31707.00","2023-01-01"
308,1103,"37972.00","2024-01-01"
309,1103,"40675.00","2025-01-01"
310,1104,"130362.00","2023-01-01"
311,1104,"133403.00","2024-01-01"
312,1104,"143032.00","2025-01-01"
313,1105,"71107.00","2023-01-01"
314,1105,"77501.00","2024-01-01"
315,1105,"79233.00","2025-01-01"
316,1106,"38973.00","2023-01-01"
317,1106,"45761.00","2024-01-01"
318,1106,"54787.00","2025-01-01"
319,1107,"98777.00","2023-01-01"
320,1107,"103590.00","2024-01-01"
321,1107,"108459.00","2025-01-01"
322,1108,"96201.00","2023-01-01"
323,1108,"101011.00","2024-01-01"
324,1108,"103245.00","2025-01-01"
325,1109,"101349.00","2023-01-01"
326,1109,"108122.00","2024-01-01"
327,1109,"116981.00","2025-01-01"
328,1110,"129402.00","2023-01-01"
329,1110,"135095.00","2024-01-01"
330,1110,"144272.00","2025-01-01"
331,1111,"60705.00","2023-01-01"
332,1111,"68273.00","2024-01-01"
333,1111,"66909.00","2025-01-01"
334,1112,"35064.00","2023-01-01"
335,1112,"40682.00","2024-01-01"
336,1112,"46738.00","2025-01-01"
337,1113,"110553.00","2023-01-01"
338,1113,"117337.00","2024-01-01"
339,1113,"124727.00","2025-01-01"
340,1114,"56242.00","2023-01-01"
341,1114,"60634.00","2024-01-01"
342,1114,"68632.00","2025-01-01"
343,1115,"75188.00","2023-01-01"
344,1115,"78452.00","2024-01-01"
345,1115,"90548.00","2025-01-01"
346,1116,"98706.00","2023-01-01"
347,1116,"106304.00","2024-01-01"
348,1116,"110362.00","2025-01-01"
349,1117,"135710.00","2023-01-01"
350,1117,"143048.00","2024-01-01"
351,1117,"147758.00","2025-01-01"
352,1118,"125042.00","2023-01-01"
353,1118,"130625.00","2024-01-01"
354,1118,"138438.00","2025-01-01"
355,1119,"74307.00","2023-01-01"
356,1119,"78584.00","2024-01-01"
357,1119,"89889.00","2025-01-01"
358,1120,"64870.00","2023-01-01"
359,1120,"72497.00","2024-01-01"
360,1120,"77940.00","2025-01-01"
361,1121,"118515.00","2023-01-01"
362,1121,"123840.00","2024-01-01"
363,1121,"133631.00","2025-01-01"
364,1122,"36490.00","2023-01-01"
365,1122,"42564.00","2024-01-01"
366,1122,"51296.00","2025-01-01"
367,1123,"75108.00","2023-01-01"
368,1123,"83081.00","2024-01-01"
369,1123,"83130.00","2025-01-01"
370,1124,"60016.00","2023-01-01"
371,1124,"64804.00","2024-01-01"
372,1124,"69478.00","2025-01-01"
373,1125,"90910.00","2023-01-01"
374,1125,"96280.00","2024-01-01"
375,1125,"99836.00","2025-01-01"
376,1126,"79590.00","2023-01-01"
377,1126,"87096.00","2024-01-01"
378,1126,"92282.00","2025-01-01"
379,1127,"76664.00","2023-01-01"
380,1127,"83089.00","2024-01-01"
381,1127,"92482.00","2025-01-01"
382,1128,"81871.00","2023-01-01"
383,1128,"87846.00","2024-01-01"
384,1128,"89601.00","2025-01-01"
385,1129,"115202.00","2023-01-01"
386,1129,"122589.00","2024-01-01"
387,1129,"129926.00","2025-01-01"
388,1130,"90826.00","2023-01-01"
389,1130,"97135.00","2024-01-01"
390,1130,"104932.00","2025-01-01"
391,1131,"72581.00","2023-01-01"
392,1131,"79262.00","2024-01-01"
393,1131,"81151.00","2025-01-01"
394,1132,"112229.00","2023-01-01"
395,1132,"117591.00","2024-01-01"
396,1132,"118283.00","2025-01-01"
397,1133,"58704.00","2023-01-01"
398,1133,"65505.00","2024-01-01"
399,1133,"67526.00","2025-01-01"
400,1134,"99453.00","2023-01-01"
401,1134,"107205.00","2024-01-01"
402,1134,"112303.00","2025-01-01"
403,1135,"95764.00","2023-01-01"
404,1135,"100311.00","2024-01-01"
405,1135,"102238.00","2025-01-01"
406,1136,"134243.00","2023-01-01"
407,1136,"142237.00","2024-01-01"
408,1136,"148489.00","2025-01-01"
409,1137,"94592.00","2023-01-01"
410,1137,"102266.00","2024-01-01"
411,1137,"107288.00","2025-01-01"
412,1138,"112864.00","2023-01-01"
413,1138,"120859.00","2024-01-01"
414,1138,"122958.00","2025-01-01"
415,1139,"32672.00","2023-01-01"
416,1139,"39537.00","2024-01-01"
417,1139,"40162.00","2025-01-01"
418,1140,"56030.00","2023-01-01"
419,1140,"63956.00","2024-01-01"
420,1140,"68408.00","2025-01-01"
421,1141,"133872.00","2023-01-01"
422,1141,"138453.00","2024-01-01"
423,1141,"142516.00","2025-01-01"
424,1142,"54995.00","2023-01-01"
425,1142,"59955.00","2024-01-01"
426,1142,"63865.00","2025-01-01"
427,1143,"89730.00","2023-01-01"
428,1143,"95373.00","2024-01-01"
429,1143,"97902.00","2025-01-01"
430,1144,"62077.00","2023-01-01"
431,1144,"65330.00","2024-01-01"
432,1144,"71467.00","2025-01-01"
433,1145,"26467.00","2023-01-01"
434,1145,"33228.00","2024-01-01"
435,1145,"36481.00","2025-01-01"
436,1146,"32789.00","2023-01-01"
437,1146,"37770.00","2024-01-01"
438,1146,"41685.00","2025-01-01"
439,1147,"66093.00","2023-01-01"
440,1147,"70003.00","2024-01-01"
441,1147,"81989.00","2025-01-01"
442,1148,"68662.00","2023-01-01"
443,1148,"73667.00","2024-01-01"
444,1148,"82234.00","2025-01-01"
445,1149,"91061.00","2023-01-01"
446,1149,"94325.00","2024-01-01"
447,1149,"103717.00","2025-01-01"
448,1150,"23967.00","2023-01-01"
449,1150,"30123.00","2024-01-01"
450,1150,"31119.00","2025-01-01"
451,1151,"50343.00","2023-01-01"
452,1151,"57744.00","2024-01-01"
453,1151,"58325.00","2025-01-01"
454,1152,"83518.00","2023-01-01"
455,1152,"86712.00","2024-01-01"
456,1152,"96702.00","2025-01-01"
457,1153,"95587.00","2023-01-01"
458,1153,"100986.00","2024-01-01"
459,1153,"108113.00","2025-01-01"
460,1154,"34860.00","2023-01-01"
461,1154,"41132.00","2024-01-01"
462,1154,"49240.00","2025-01-01"
463,1155,"37107.00","2023-01-01"
464,1155,"41123.00","2024-01-01"
465,1155,"44803.00","2025-01-01"
466,1156,"116894.00","2023-01-01"
467,1156,"124643.00","2024-01-01"
468,1156,"124724.00","2025-01-01"
469,1157,"112730.00","2023-01-01"
470,1157,"119112.00","2024-01-01"
471,1157,"124296.00","2025-01-01"
472,1158,"28889.00","2023-01-01"
473,1158,"35842.00","2024-01-01"
474,1158,"38331.00","2025-01-01"
475,1159,"46965.00","2023-01-01"
476,1159,"52668.00","2024-01-01"
477,1159,"54177.00","2025-01-01"
478,1160,"75031.00","2023-01-01"
479,1160,"80035.00","2024-01-01"
480,1160,"85289.00","2025-01-01"
481,1161,"63966.00","2023-01-01"
482,1161,"70608.00","2024-01-01"
483,1161,"75382.00","2025-01-01"
484,1162,"38011.00","2023-01-01"
485,1162,"45665.00","2024-01-01"
486,1162,"48521.00","2025-01-01"
487,1163,"125380.00","2023-01-01"
488,1163,"129527.00","2024-01-01"
489,1163,"133804.00","2025-01-01"
490,1164,"91793.00","2023-01-01"
491,1164,"95005.00","2024-01-01"
492,1164,"101413.00","2025-01-01"
493,1165,"91196.00","2023-01-01"
494,1165,"97167.00","2024-01-01"
495,1165,"101966.00","2025-01-01"
496,1166,"70134.00","2023-01-01"
497,1166,"77784.00","2024-01-01"
498,1166,"81126.00","2025-01-01"
499,1167,"136195.00","2023-01-01"
500,1167,"141610.00","2024-01-01"
501,1167,"144725.00","2025-01-01"
502,1168,"127007.00","2023-01-01"
503,1168,"134983.00","2024-01-01"
504,1168,"137795.00","2025-01-01"
505,1169,"124039.00","2023-01-01"
506,1169,"128906.00","2024-01-01"
507,1169,"130497.00","2025-01-01"
508,1170,"123597.00","2023-01-01"
509,1170,"129078.00","2024-01-01"
510,1170,"132027.00","2025-01-01"
511,1171,"98798.00","2023-01-01"
512,1171,"103923.00","2024-01-01"
513,1171,"110764.00","2025-01-01"
514,1172,"110633.00","2023-01-01"
515,1172,"116957.00","2024-01-01"
516,1172,"124447.00","2025-01-01"
517,1173,"51310.00","2023-01-01"
518,1173,"55586.00","2024-01-01"
519,1173,"66928.00","2025-01-01"
520,1174,"91258.00","2023-01-01"
521,1174,"98545.00","2024-01-01"
522,1174,"103390.00","2025-01-01"
523,1175,"58995.00","2023-01-01"
524,1175,"63380.00","2024-01-01"
525,1175,"73599.00","2025-01-01"
526,1176,"24112.00","2023-01-01"
527,1176,"31076.00","2024-01-01"
528,1176,"36334.00","2025-01-01"
529,1177,"99713.00","2023-01-01"
530,1177,"105517.00","2024-01-01"
531,1177,"109395.00","2025-01-01"
532,1178,"73522.00","2023-01-01"
533,1178,"78359.00","2024-01-01"
534,1178,"81980.00","2025-01-01"
535,1179,"100124.00","2023-01-01"
536,1179,"104103.00","2024-01-01"
537,1179,"109350.00","2025-01-01"
538,1180,"95218.00","2023-01-01"
539,1180,"101980.00","2024-01-01"
540,1180,"110546.00","2025-01-01"
541,1181,"37724.00","2023-01-01"
542,1181,"42594.00","2024-01-01"
543,1181,"47042.00","2025-01-01"
544,1182,"61620.00","2023-01-01"
545,1182,"67884.00","2024-01-01"
546,1182,"69238.00","2025-01-01"
547,1183,"34959.00","2023-01-01"
548,1183,"38509.00","2024-01-01"
549,1183,"45405.00","2025-01-01"
550,1184,"70645.00","2023-01-01"
551,1184,"78050.00","2024-01-01"
552,1184,"77945.00","2025-01-01"
553,1185,"34660.00","2023-01-01"
554,1185,"42302.00","2024-01-01"
555,1185,"49226.00","2025-01-01"
556,1186,"27990.00","2023-01-01"
557,1186,"33087.00","2024-01-01"
558,1186,"36982.00","2025-01-01"
559,1187,"125024.00","2023-01-01"
560,1187,"131760.00","2024-01-01"
561,1187,"133930.00","2025-01-01"
562,1188,"112456.00","2023-01-01"
563,1188,"117633.00","2024-01-01"
564,1188,"127498.00","2025-01-01"
565,1189,"126663.00","2023-01-01"
566,1189,"131219.00","2024-01-01"
567,1189,"133705.00","2025-01-01"
568,1190,"28509.00","2023-01-01"
569,1190,"33989.00","2024-01-01"
570,1190,"35505.00","2025-01-01"
571,1191,"30039.00","2023-01-01"
572,1191,"35037.00","2024-01-01"
573,1191,"45633.00","2025-01-01"
574,1192,"70380.00","2023-01-01"
575,1192,"77183.00","2024-01-01"
576,1192,"77990.00","2025-01-01"
577,1193,"68536.00","2023-01-01"
578,1193,"74148.00","2024-01-01"
579,1193,"75732.00","2025-01-01"
580,1194,"84482.00","2023-01-01"
581,1194,"88435.00","2024-01-01"
582,1194,"97722.00","2025-01-01"
583,1195,"66834.00","2023-01-01"
584,1195,"71451.00","2024-01-01"
585,1195,"74470.00","2025-01-01"
586,1196,"92630.00","2023-01-01"
587,1196,"97391.00","2024-01-01"
588,1196,"108432.00","2025-01-01"
589,1197,"55137.00","2023-01-01"
590,1197,"62800.00","2024-01-01"
591,1197,"61293.00","2025-01-01"
592,1198,"25288.00","2023-01-01"
593,1198,"29201.00","2024-01-01"
594,1198,"38540.00","2025-01-01"
595,1199,"131172.00","2023-01-01"
596,1199,"137909.00","2024-01-01"
597,1199,"137180.00","2025-01-01"
598,1200,"29095.00","2023-01-01"
599,1200,"37021.00","2024-01-01"
600,1200,"39529.00","2025-01-01"
601,1201,"85228.00","2023-01-01"
602,1201,"90920.00","2024-01-01"
603,1201,"99538.00","2025-01-01"
604,1202,"36416.00","2023-01-01"
605,1202,"41740.00","2024-01-01"
606,1202,"47324.00","2025-01-01"
607,1203,"108215.00","2023-01-01"
608,1203,"113254.00","2024-01-01"
609,1203,"119803.00","2025-01-01"
610,1204,"61973.00","2023-01-01"
611,1204,"69094.00","2024-01-01"
612,1204,"73031.00","2025-01-01"
613,1205,"106560.00","2023-01-01"
614,1205,"111052.00","2024-01-01"
615,1205,"120548.00","2025-01-01"
616,1206,"107248.00","2023-01-01"
617,1206,"114422.00","2024-01-01"
618,1206,"120956.00","2025-01-01"
619,1207,"39948.00","2023-01-01"
620,1207,"44412.00","2024-01-01"
621,1207,"47022.00","2025-01-01"
622,1208,"64154.00","2023-01-01"
623,1208,"67928.00","2024-01-01"
624,1208,"77414.00","2025-01-01"
625,1209,"88841.00","2023-01-01"
626,1209,"93337.00","2024-01-01"
627,1209,"98011.00","2025-01-01"
628,1210,"130552.00","2023-01-01"
629,1210,"135298.00","2024-01-01"
630,1210,"141584.00","2025-01-01"
631,1211,"50423.00","2023-01-01"
632,1211,"56044.00","2024-01-01"
633,1211,"65113.00","2025-01-01"
634,1212,"128529.00","2023-01-01"
635,1212,"133987.00","2024-01-01"
636,1212,"144515.00","2025-01-01"
637,1213,"97172.00","2023-01-01"
638,1213,"101438.00","2024-01-01"
639,1213,"108476.00","2025-01-01"
640,1214,"44069.00","2023-01-01"
641,1214,"50314.00","2024-01-01"
642,1214,"52883.00","2025-01-01"
643,1215,"81706.00","2023-01-01"
644,1215,"85993.00","2024-01-01"
645,1215,"93040.00","2025-01-01"
646,1216,"33747.00","2023-01-01"
647,1216,"41623.00","2024-01-01"
648,1216,"46577.00","2025-01-01"
649,1217,"97324.00","2023-01-01"
650,1217,"102477.00","2024-01-01"
651,1217,"111056.00","2025-01-01"
652,1218,"84862.00","2023-01-01"
653,1218,"89049.00","2024-01-01"
654,1218,"95878.00","2025-01-01"
655,1219,"109587.00","2023-01-01"
656,1219,"115170.00","2024-01-01"
657,1219,"122955.00","2025-01-01"
658,1220,"54601.00","2023-01-01"
659,1220,"62215.00","2024-01-01"
660,1220,"67047.00","2025-01-01"
661,1221,"34874.00","2023-01-01"
662,1221,"41184.00","2024-01-01"
663,1221,"41780.00","2025-01-01"
664,1222,"92837.00","2023-01-01"
665,1222,"96983.00","2024-01-01"
666,1222,"106321.00","2025-01-01"
667,1223,"38676.00","2023-01-01"
668,1223,"43332.00","2024-01-01"
669,1223,"48092.00","2025-01-01"
670,1224,"104581.00","2023-01-01"
671,1224,"110640.00","2024-01-01"
672,1224,"110967.00","2025-01-01"
673,1225,"89592.00","2023-01-01"
674,1225,"95724.00","2024-01-01"
675,1225,"100928.00","2025-01-01"
676,1226,"92469.00","2023-01-01"
677,1226,"97102.00","2024-01-01"
678,1226,"101991.00","2025-01-01"
679,1227,"59310.00","2023-01-01"
680,1227,"64554.00","2024-01-01"
681,1227,"67060.00","2025-01-01"
682,1228,"99086.00","2023-01-01"
683,1228,"103400.00","2024-01-01"
684,1228,"110418.00","2025-01-01"
685,1229,"109445.00","2023-01-01"
686,1229,"116294.00","2024-01-01"
687,1229,"116197.00","2025-01-01"
688,1230,"72351.00","2023-01-01"
689,1230,"77397.00","2024-01-01"
690,1230,"82939.00","2025-01-01"
691,1231,"79723.00","2023-01-01"
692,1231,"85795.00","2024-01-01"
693,1231,"86693.00","2025-01-01"
694,1232,"140889.00","2023-01-01"
695,1232,"146696.00","2024-01-01"
696,1232,"151411.00","2025-01-01"
697,1233,"115597.00","2023-01-01"
698,1233,"122186.00","2024-01-01"
699,1233,"126253.00","2025-01-01"
700,1234,"37215.00","2023-01-01"
701,1234,"41315.00","2024-01-01"
702,1234,"44427.00","2025-01-01"
703,1235,"106303.00","2023-01-01"
704,1235,"110546.00","2024-01-01"
705,1235,"114767.00","2025-01-01"
706,1236,"91318.00","2023-01-01"
707,1236,"99020.00","2024-01-01"
708,1236,"100594.00","2025-01-01"
709,1237,"85286.00","2023-01-01"
710,1237,"91876.00","2024-01-01"
711,1237,"95302.00","2025-01-01"
712,1238,"37156.00","2023-01-01"
713,1238,"44633.00","2024-01-01"
714,1238,"47426.00","2025-01-01"
715,1239,"112725.00","2023-01-01"
716,1239,"118112.00","2024-01-01"
717,1239,"119083.00","2025-01-01"
718,1240,"88785.00","2023-01-01"
719,1240,"94356.00","2024-01-01"
720,1240,"100703.00","2025-01-01"
721,1241,"114037.00","2023-01-01"
722,1241,"118545.00","2024-01-01"
723,1241,"125299.00","2025-01-01"
724,1242,"129817.00","2023-01-01"
725,1242,"136591.00","2024-01-01"
726,1242,"141751.00","2025-01-01"
727,1243,"41677.00","2023-01-01"
728,1243,"46798.00","2024-01-01"
729,1243,"51859.00","2025-01-01"
730,1244,"32166.00","2023-01-01"
731,1244,"36315.00","2024-01-01"
732,1244,"40118.00","2025-01-01"
733,1245,"79193.00","2023-01-01"
734,1245,"85439.00","2024-01-01"
735,1245,"93161.00","2025-01-01"
736,1246,"101393.00","2023-01-01"
737,1246,"104886.00","2024-01-01"
738,1246,"115785.00","2025-01-01"
739,1247,"70950.00","2023-01-01"
740,1247,"78584.00","2024-01-01"
741,1247,"84112.00","2025-01-01"
742,1248,"135733.00","2023-01-01"
743,1248,"141412.00","2024-01-01"
744,1248,"150559.00","2025-01-01"
745,1249,"91890.00","2023-01-01"
746,1249,"99598.00","2024-01-01"
747,1249,"103358.00","2025-01-01"
748,1250,"32598.00","2023-01-01"
749,1250,"40228.00","2024-01-01"
750,1250,"40106.00","2025-01-01"
751,1251,"28215.00","2023-01-01"
752,1251,"35571.00","2024-01-01"
753,1251,"36807.00","2025-01-01"
754,1252,"24459.00","2023-01-01"
755,1252,"32160.00","2024-01-01"
756,1252,"38133.00","2025-01-01"
757,1253,"59558.00","2023-01-01"
758,1253,"63156.00","2024-01-01"
759,1253,"72618.00","2025-01-01"
760,1254,"48756.00","2023-01-01"
761,1254,"55452.00","2024-01-01"
762,1254,"57248.00","2025-01-01"
763,1255,"67993.00","2023-01-01"
764,1255,"72481.00","2024-01-01"
765,1255,"83417.00","2025-01-01"
766,1256,"25926.00","2023-01-01"
767,1256,"33249.00","2024-01-01"
768,1256,"39010.00","2025-01-01"
769,1257,"83915.00","2023-01-01"
770,1257,"91623.00","2024-01-01"
771,1257,"94727.00","2025-01-01"
772,1258,"32527.00","2023-01-01"
773,1258,"35681.00","2024-01-01"
774,1258,"38665.00","2025-01-01"
775,1259,"104170.00","2023-01-01"
776,1259,"110669.00","2024-01-01"
777,1259,"112634.00","2025-01-01"
778,1260,"117141.00","2023-01-01"
779,1260,"124928.00","2024-01-01"
780,1260,"128491.00","2025-01-01"
781,1261,"68572.00","2023-01-01"
782,1261,"73213.00","2024-01-01"
783,1261,"83982.00","2025-01-01"
784,1262,"134784.00","2023-01-01"
785,1262,"139034.00","2024-01-01"
786,1262,"143878.00","2025-01-01"
787,1263,"85999.00","2023-01-01"
788,1263,"91526.00","2024-01-01"
789,1263,"94973.00","2025-01-01"
790,1264,"82609.00","2023-01-01"
791,1264,"89978.00","2024-01-01"
792,1264,"98469.00","2025-01-01"
793,1265,"141281.00","2023-01-01"
794,1265,"148705.00","2024-01-01"
795,1265,"152991.00","2025-01-01"
796,1266,"118404.00","2023-01-01"
797,1266,"123987.00","2024-01-01"
798,1266,"128174.00","2025-01-01"
799,1267,"129673.00","2023-01-01"
800,1267,"135154.00","2024-01-01"
801,1267,"138347.00","2025-01-01"
802,1268,"57669.00","2023-01-01"
803,1268,"62577.00","2024-01-01"
804,1268,"67227.00","2025-01-01"
805,1269,"76056.00","2023-01-01"
806,1269,"80180.00","2024-01-01"
807,1269,"89258.00","2025-01-01"
808,1270,"117747.00","2023-01-01"
809,1270,"120955.00","2024-01-01"
810,1270,"131019.00","2025-01-01"
811,1271,"84479.00","2023-01-01"
812,1271,"87882.00","2024-01-01"
813,1271,"97799.00","2025-01-01"
814,1272,"125118.00","2023-01-01"
815,1272,"129745.00","2024-01-01"
816,1272,"134486.00","2025-01-01"
817,1273,"49863.00","2023-01-01"
818,1273,"53884.00","2024-01-01"
819,1273,"57383.00","2025-01-01"
820,1274,"99396.00","2023-01-01"
821,1274,"107133.00","2024-01-01"
822,1274,"113858.00","2025-01-01"
823,1275,"55103.00","2023-01-01"
824,1275,"59820.00","2024-01-01"
825,1275,"63073.00","2025-01-01"
826,1276,"114965.00","2023-01-01"
827,1276,"120900.00","2024-01-01"
828,1276,"126155.00","2025-01-01"
829,1277,"110015.00","2023-01-01"
830,1277,"114738.00","2024-01-01"
831,1277,"117501.00","2025-01-01"
832,1278,"114899.00","2023-01-01"
833,1278,"121814.00","2024-01-01"
834,1278,"125081.00","2025-01-01"
835,1279,"86856.00","2023-01-01"
836,1279,"93599.00","2024-01-01"
837,1279,"93120.00","2025-01-01"
838,1280,"76870.00","2023-01-01"
839,1280,"83310.00","2024-01-01"
840,1280,"89428.00","2025-01-01"
841,1281,"72353.00","2023-01-01"
842,1281,"78305.00","2024-01-01"
843,1281,"83431.00","2025-01-01"
844,1282,"90605.00","2023-01-01"
845,1282,"96068.00","2024-01-01"
846,1282,"100361.00","2025-01-01"
847,1283,"54870.00","2023-01-01"
848,1283,"61731.00","2024-01-01"
849,1283,"61128.00","2025-01-01"
850,1284,"84751.00","2023-01-01"
851,1284,"88122.00","2024-01-01"
852,1284,"93055.00","2025-01-01"
853,1285,"26532.00","2023-01-01"
854,1285,"34157.00","2024-01-01"
855,1285,"32682.00","2025-01-01"
856,1286,"118805.00","2023-01-01"
857,1286,"123080.00","2024-01-01"
858,1286,"127101.00","2025-01-01"
859,1287,"117701.00","2023-01-01"
860,1287,"121202.00","2024-01-01"
861,1287,"133469.00","2025-01-01"
862,1288,"56502.00","2023-01-01"
863,1288,"62546.00","2024-01-01"
864,1288,"69298.00","2025-01-01"
865,1289,"109095.00","2023-01-01"
866,1289,"113507.00","2024-01-01"
867,1289,"117955.00","2025-01-01"
868,1290,"113499.00","2023-01-01"
869,1290,"117986.00","2024-01-01"
870,1290,"125479.00","2025-01-01"
871,1291,"95262.00","2023-01-01"
872,1291,"98507.00","2024-01-01"
873,1291,"109412.00","2025-01-01"
874,1292,"47677.00","2023-01-01"
875,1292,"53983.00","2024-01-01"
876,1292,"59791.00","2025-01-01"
877,1293,"37463.00","2023-01-01"
878,1293,"40696.00","2024-01-01"
879,1293,"43885.00","2025-01-01"
880,1294,"136273.00","2023-01-01"
881,1294,"143127.00","2024-01-01"
882,1294,"142833.00","2025-01-01"
883,1295,"74497.00","2023-01-01"
884,1295,"77877.00","2024-01-01"
885,1295,"89335.00","2025-01-01"
886,1296,"135322.00","2023-01-01"
887,1296,"142624.00","2024-01-01"
888,1296,"144102.00","2025-01-01"
889,1297,"116327.00","2023-01-01"
890,1297,"119449.00","2024-01-01"
891,1297,"128039.00","2025-01-01"
892,1298,"32377.00","2023-01-01"
893,1298,"38816.00","2024-01-01"
894,1298,"39463.00","2025-01-01"
895,1299,"114891.00","2023-01-01"
896,1299,"121695.00","2024-01-01"
897,1299,"127691.00","2025-01-01"
898,1300,"135163.00","2023-01-01"
899,1300,"139264.00","2024-01-01"
900,1300,"151045.00","2025-01-01"
901,1301,"137088.00","2023-01-01"
902,1301,"143989.00","2024-01-01"
903,1301,"150780.00","2025-01-01"
904,1302,"111430.00","2023-01-01"
905,1302,"117075.00","2024-01-01"
906,1302,"126276.00","2025-01-01"
907,1303,"112022.00","2023-01-01"
908,1303,"118936.00","2024-01-01"
909,1303,"126096.00","2025-01-01"
910,1304,"33412.00","2023-01-01"
911,1304,"37442.00","2024-01-01"
912,1304,"43004.00","2025-01-01"
913,1305,"43083.00","2023-01-01"
914,1305,"47251.00","2024-01-01"
915,1305,"52777.00","2025-01-01"
916,1306,"72947.00","2023-01-01"
917,1306,"79255.00","2024-01-01"
918,1306,"83571.00","2025-01-01"
919,1307,"28844.00","2023-01-01"
920,1307,"33697.00","2024-01-01"
921,1307,"38950.00","2025-01-01"
922,1308,"77754.00","2023-01-01"
923,1308,"83446.00","2024-01-01"
924,1308,"91324.00","2025-01-01"
925,1309,"125807.00","2023-01-01"
926,1309,"133041.00","2024-01-01"
927,1309,"141263.00","2025-01-01"
928,1310,"70888.00","2023-01-01"
929,1310,"76574.00","2024-01-01"
930,1310,"83802.00","2025-01-01"
931,1311,"129806.00","2023-01-01"
932,1311,"137552.00","2024-01-01"
933,1311,"136366.00","2025-01-01"
934,1312,"113265.00","2023-01-01"
935,1312,"117886.00","2024-01-01"
936,1312,"122249.00","2025-01-01"
937,1313,"96733.00","2023-01-01"
938,1313,"100012.00","2024-01-01"
939,1313,"106629.00","2025-01-01"
940,1314,"108686.00","2023-01-01"
941,1314,"114328.00","2024-01-01"
942,1314,"114876.00","2025-01-01"
943,1315,"30387.00","2023-01-01"
944,1315,"37350.00","2024-01-01"
945,1315,"42021.00","2025-01-01"
946,1316,"70251.00","2023-01-01"
947,1316,"76574.00","2024-01-01"
948,1316,"83657.00","2025-01-01"
949,1317,"68143.00","2023-01-01"
950,1317,"73295.00","2024-01-01"
951,1317,"83085.00","2025-01-01"
952,1318,"66294.00","2023-01-01"
953,1318,"71582.00","2024-01-01"
954,1318,"80722.00","2025-01-01"
955,1319,"113936.00","2023-01-01"
956,1319,"118462.00","2024-01-01"
957,1319,"124118.00","2025-01-01"
958,1320,"30161.00","2023-01-01"
959,1320,"37657.00","2024-01-01"
960,1320,"43637.00","2025-01-01"
961,1321,"116281.00","2023-01-01"
962,1321,"123533.00","2024-01-01"
963,1321,"126587.00","2025-01-01"
964,1322,"89157.00","2023-01-01"
965,1322,"95651.00","2024-01-01"
966,1322,"95573.00","2025-01-01"
967,1323,"74528.00","2023-01-01"
968,1323,"78302.00","2024-01-01"
969,1323,"84248.00","2025-01-01"
970,1324,"99262.00","2023-01-01"
971,1324,"103247.00","2024-01-01"
972,1324,"114280.00","2025-01-01"
973,1325,"76944.00","2023-01-01"
974,1325,"82791.00","2024-01-01"
975,1325,"87974.00","2025-01-01"
976,1326,"111359.00","2023-01-01"
977,1326,"118891.00","2024-01-01"
978,1326,"118717.00","2025-01-01"
979,1327,"49263.00","2023-01-01"
980,1327,"55519.00","2024-01-01"
981,1327,"63633.00","2025-01-01"
982,1328,"131621.00","2023-01-01"
983,1328,"136438.00","2024-01-01"
984,1328,"137893.00","2025-01-01"
985,1329,"73555.00","2023-01-01"
986,1329,"80860.00","2024-01-01"
987,1329,"89399.00","2025-01-01"
988,1330,"104082.00","2023-01-01"
989,1330,"111428.00","2024-01-01"
990,1330,"118684.00","2025-01-01"
991,1331,"118304.00","2023-01-01"
992,1331,"124274.00","2024-01-01"
993,1331,"133142.00","2025-01-01"
994,1332,"138778.00","2023-01-01"
995,1332,"143144.00","2024-01-01"
996,1332,"150912.00","2025-01-01"
997,1333,"99698.00","2023-01-01"
998,1333,"104054.00","2024-01-01"
999,1333,"109404.00","2025-01-01"
1000,1334,"75201.00","2023-01-01"
1001,1334,"83195.00","2024-01-01"
1002,1334,"88147.00","2025-01-01"
1003,1335,"122633.00","2023-01-01"
1004,1335,"126033.00","2024-01-01"
1005,1335,"135199.00","2025-01-01"
1006,1336,"86704.00","2023-01-01"
1007,1336,"93978.00","2024-01-01"
1008,1336,"99604.00","2025-01-01"
1009,1337,"107871.00","2023-01-01"
1010,1337,"113508.00","2024-01-01"
1011,1337,"116101.00","2025-01-01"
1012,1338,"43299.00","2023-01-01"
1013,1338,"46912.00","2024-01-01"
1014,1338,"53415.00","2025-01-01"
1015,1339,"51086.00","2023-01-01"
1016,1339,"55796.00","2024-01-01"
1017,1339,"66816.00","2025-01-01"
1018,1340,"104074.00","2023-01-01"
1019,1340,"110435.00","2024-01-01"
1020,1340,"112372.00","2025-01-01"
1021,1341,"123062.00","2023-01-01"
1022,1341,"127374.00","2024-01-01"
1023,1341,"133034.00","2025-01-01"
1024,1342,"42295.00","2023-01-01"
1025,1342,"48727.00","2024-01-01"
1026,1342,"54701.00","2025-01-01"
1027,1343,"46833.00","2023-01-01"
1028,1343,"51869.00","2024-01-01"
1029,1343,"58573.00","2025-01-01"
1030,1344,"115272.00","2023-01-01"
1031,1344,"120534.00","2024-01-01"
1032,1344,"123572.00","2025-01-01"
1033,1345,"69366.00","2023-01-01"
1034,1345,"77165.00","2024-01-01"
1035,1345,"77852.00","2025-01-01"
1036,1346,"51403.00","2023-01-01"
1037,1346,"55569.00","2024-01-01"
1038,1346,"61915.00","2025-01-01"
1039,1347,"80481.00","2023-01-01"
1040,1347,"84441.00","2024-01-01"
1041,1347,"95009.00","2025-01-01"
1042,1348,"127634.00","2023-01-01"
1043,1348,"131474.00","2024-01-01"
1044,1348,"143438.00","2025-01-01"
1045,1349,"40378.00","2023-01-01"
1046,1349,"46968.00","2024-01-01"
1047,1349,"51272.00","2025-01-01"
1048,1350,"135860.00","2023-01-01"
1049,1350,"143857.00","2024-01-01"
1050,1350,"149304.00","2025-01-01"
1051,1351,"113489.00","2023-01-01"
1052,1351,"119285.00","2024-01-01"
1053,1351,"123947.00","2025-01-01"
1054,1352,"51543.00","2023-01-01"
1055,1352,"56635.00","2024-01-01"
1056,1352,"59391.00","2025-01-01"
1057,1353,"48612.00","2023-01-01"
1058,1353,"56404.00","2024-01-01"
1059,1353,"57370.00","2025-01-01"
1060,1354,"74964.00","2023-01-01"
1061,1354,"79804.00","2024-01-01"
1062,1354,"89530.00","2025-01-01"
1063,1355,"62088.00","2023-01-01"
1064,1355,"70030.00","2024-01-01"
1065,1355,"77902.00","2025-01-01"
1066,1356,"39299.00","2023-01-01"
1067,1356,"46350.00","2024-01-01"
1068,1356,"52383.00","2025-01-01"
1069,1357,"60747.00","2023-01-01"
1070,1357,"64608.00","2024-01-01"
1071,1357,"71337.00","2025-01-01"
1072,1358,"122095.00","2023-01-01"
1073,1358,"129255.00","2024-01-01"
1074,1358,"133481.00","2025-01-01"
1075,1359,"33412.00","2023-01-01"
1076,1359,"39333.00","2024-01-01"
1077,1359,"40772.00","2025-01-01"
1078,1360,"53758.00","2023-01-01"
1079,1360,"60735.00","2024-01-01"
1080,1360,"63734.00","2025-01-01"
1081,1361,"133177.00","2023-01-01"
1082,1361,"137990.00","2024-01-01"
1083,1361,"148861.00","2025-01-01"
1084,1362,"70289.00","2023-01-01"
1085,1362,"74140.00","2024-01-01"
1086,1362,"84281.00","2025-01-01"
1087,1363,"48408.00","2023-01-01"
1088,1363,"56041.00","2024-01-01"
1089,1363,"60564.00","2025-01-01"
1090,1364,"55444.00","2023-01-01"
1091,1364,"61578.00","2024-01-01"
1092,1364,"62132.00","2025-01-01"
1093,1365,"131474.00","2023-01-01"
1094,1365,"139310.00","2024-01-01"
1095,1365,"139088.00","2025-01-01"
1096,1366,"127237.00","2023-01-01"
1097,1366,"131199.00","2024-01-01"
1098,1366,"137145.00","2025-01-01"
1099,1367,"103465.00","2023-01-01"
1100,1367,"111411.00","2024-01-01"
1101,1367,"116375.00","2025-01-01"
1102,1368,"61104.00","2023-01-01"
1103,1368,"66949.00","2024-01-01"
1104,1368,"74316.00","2025-01-01"
1105,1369,"63985.00","2023-01-01"
1106,1369,"71267.00","2024-01-01"
1107,1369,"70595.00","2025-01-01"
1108,1370,"45398.00","2023-01-01"
1109,1370,"48608.00","2024-01-01"
1110,1370,"54936.00","2025-01-01"
1111,1371,"82733.00","2023-01-01"
1112,1371,"85930.00","2024-01-01"
1113,1371,"94121.00","2025-01-01"
1114,1372,"65629.00","2023-01-01"
1115,1372,"72005.00","2024-01-01"
1116,1372,"72093.00","2025-01-01"
1117,1373,"80825.00","2023-01-01"
1118,1373,"86762.00","2024-01-01"
1119,1373,"92461.00","2025-01-01"
1120,1374,"64579.00","2023-01-01"
1121,1374,"69845.00","2024-01-01"
1122,1374,"77885.00","2025-01-01"
1123,1375,"93695.00","2023-01-01"
1124,1375,"100448.00","2024-01-01"
1125,1375,"104005.00","2025-01-01"
1126,1376,"60123.00","2023-01-01"
1127,1376,"67698.00","2024-01-01"
1128,1376,"75089.00","2025-01-01"
1129,1377,"109721.00","2023-01-01"
1130,1377,"115576.00","2024-01-01"
1131,1377,"118539.00","2025-01-01"
1132,1378,"103436.00","2023-01-01"
1133,1378,"109170.00","2024-01-01"
1134,1378,"115198.00","2025-01-01"
1135,1379,"78646.00","2023-01-01"
1136,1379,"84239.00","2024-01-01"
1137,1379,"89656.00","2025-01-01"
1138,1380,"89117.00","2023-01-01"
1139,1380,"95443.00","2024-01-01"
1140,1380,"100243.00","2025-01-01"
1141,1381,"130414.00","2023-01-01"
1142,1381,"136549.00","2024-01-01"
1143,1381,"139726.00","2025-01-01"
1144,1382,"112958.00","2023-01-01"
1145,1382,"118830.00","2024-01-01"
1146,1382,"124478.00","2025-01-01"
1147,1383,"106520.00","2023-01-01"
1148,1383,"110824.00","2024-01-01"
1149,1383,"115280.00","2025-01-01"
1150,1384,"40394.00","2023-01-01"
1151,1384,"44307.00","2024-01-01"
1152,1384,"49502.00","2025-01-01"
1153,1385,"41137.00","2023-01-01"
1154,1385,"48283.00","2024-01-01"
1155,1385,"56319.00","2025-01-01"
1156,1386,"121247.00","2023-01-01"
1157,1386,"128656.00","2024-01-01"
1158,1386,"130161.00","2025-01-01"
1159,1387,"97758.00","2023-01-01"
1160,1387,"102385.00","2024-01-01"
1161,1387,"105286.00","2025-01-01"
1162,1388,"76635.00","2023-01-01"
1163,1388,"82949.00","2024-01-01"
1164,1388,"86949.00","2025-01-01"
1165,1389,"96302.00","2023-01-01"
1166,1389,"103666.00","2024-01-01"
1167,1389,"108098.00","2025-01-01"
1168,1390,"137990.00","2023-01-01"
1169,1390,"144145.00","2024-01-01"
1170,1390,"145686.00","2025-01-01"
1171,1391,"73203.00","2023-01-01"
1172,1391,"76876.00","2024-01-01"
1173,1391,"84507.00","2025-01-01"
1174,1392,"130420.00","2023-01-01"
1175,1392,"133754.00","2024-01-01"
1176,1392,"140448.00","2025-01-01"
1177,1393,"71528.00","2023-01-01"
1178,1393,"76770.00","2024-01-01"
1179,1393,"77958.00","2025-01-01"
1180,1394,"109093.00","2023-01-01"
1181,1394,"113886.00","2024-01-01"
1182,1394,"119111.00","2025-01-01"
1183,1395,"98400.00","2023-01-01"
1184,1395,"103169.00","2024-01-01"
1185,1395,"106780.00","2025-01-01"
1186,1396,"89094.00","2023-01-01"
1187,1396,"94090.00","2024-01-01"
1188,1396,"95434.00","2025-01-01"
1189,1397,"134243.00","2023-01-01"
1190,1397,"140638.00","2024-01-01"
1191,1397,"149357.00","2025-01-01"
1192,1398,"54555.00","2023-01-01"
1193,1398,"59129.00","2024-01-01"
1194,1398,"67309.00","2025-01-01"
1195,1399,"111133.00","2023-01-01"
1196,1399,"118891.00","2024-01-01"
1197,1399,"123679.00","2025-01-01"
1198,1400,"106133.00","2023-01-01"
1199,1400,"111275.00","2024-01-01"
1200,1400,"118095.00","2025-01-01"
1201,1401,"124358.00","2023-01-01"
1202,1401,"130390.00","2024-01-01"
1203,1401,"136330.00","2025-01-01"
1204,1402,"78477.00","2023-01-01"
1205,1402,"85903.00","2024-01-01"
1206,1402,"90327.00","2025-01-01"
1207,1403,"109477.00","2023-01-01"
1208,1403,"115112.00","2024-01-01"
1209,1403,"119521.00","2025-01-01"
1210,1404,"69057.00","2023-01-01"
1211,1404,"73111.00","2024-01-01"
1212,1404,"76639.00","2025-01-01"
1213,1405,"128925.00","2023-01-01"
1214,1405,"136310.00","2024-01-01"
1215,1405,"140061.00","2025-01-01"
1216,1406,"73276.00","2023-01-01"
1217,1406,"78142.00","2024-01-01"
1218,1406,"84982.00","2025-01-01"
1219,1407,"84234.00","2023-01-01"
1220,1407,"91045.00","2024-01-01"
1221,1407,"94642.00","2025-01-01"
1222,1408,"101589.00","2023-01-01"
1223,1408,"108359.00","2024-01-01"
1224,1408,"114763.00","2025-01-01"
1225,1409,"71754.00","2023-01-01"
1226,1409,"78327.00","2024-01-01"
1227,1409,"78812.00","2025-01-01"
1228,1410,"59619.00","2023-01-01"
1229,1410,"67206.00","2024-01-01"
1230,1410,"72965.00","2025-01-01"
1231,1411,"102865.00","2023-01-01"
1232,1411,"108712.00","2024-01-01"
1233,1411,"116673.00","2025-01-01"
1234,1412,"116444.00","2023-01-01"
1235,1412,"122347.00","2024-01-01"
1236,1412,"123514.00","2025-01-01"
1237,1413,"110997.00","2023-01-01"
1238,1413,"116061.00","2024-01-01"
1239,1413,"117447.00","2025-01-01"
1240,1414,"61835.00","2023-01-01"
1241,1414,"68364.00","2024-01-01"
1242,1414,"70019.00","2025-01-01"
1243,1415,"123443.00","2023-01-01"
1244,1415,"130146.00","2024-01-01"
1245,1415,"134519.00","2025-01-01"
1246,1416,"87019.00","2023-01-01"
1247,1416,"92726.00","2024-01-01"
1248,1416,"96829.00","2025-01-01"
1249,1417,"74802.00","2023-01-01"
1250,1417,"81137.00","2024-01-01"
1251,1417,"83164.00","2025-01-01"
1252,1418,"77199.00","2023-01-01"
1253,1418,"82775.00","2024-01-01"
1254,1418,"83309.00","2025-01-01"
1255,1419,"88000.00","2023-01-01"
1256,1419,"93935.00","2024-01-01"
1257,1419,"103624.00","2025-01-01"
1258,1420,"49861.00","2023-01-01"
1259,1420,"53382.00","2024-01-01"
1260,1420,"64539.00","2025-01-01"
1261,1421,"26487.00","2023-01-01"
1262,1421,"31081.00","2024-01-01"
1263,1421,"36563.00","2025-01-01"
1264,1422,"79048.00","2023-01-01"
1265,1422,"83532.00","2024-01-01"
1266,1422,"85530.00","2025-01-01"
1267,1423,"96011.00","2023-01-01"
1268,1423,"101729.00","2024-01-01"
1269,1423,"103469.00","2025-01-01"
1270,1424,"110568.00","2023-01-01"
1271,1424,"118270.00","2024-01-01"
1272,1424,"122914.00","2025-01-01"
1273,1425,"88002.00","2023-01-01"
1274,1425,"94888.00","2024-01-01"
1275,1425,"96270.00","2025-01-01"
1276,1426,"48603.00","2023-01-01"
1277,1426,"52388.00","2024-01-01"
1278,1426,"59701.00","2025-01-01"
1279,1427,"45328.00","2023-01-01"
1280,1427,"51853.00","2024-01-01"
1281,1427,"55456.00","2025-01-01"
1282,1428,"121224.00","2023-01-01"
1283,1428,"125735.00","2024-01-01"
1284,1428,"131492.00","2025-01-01"
1285,1429,"31050.00","2023-01-01"
1286,1429,"35906.00","2024-01-01"
1287,1429,"42804.00","2025-01-01"
1288,1430,"124239.00","2023-01-01"
1289,1430,"130939.00","2024-01-01"
1290,1430,"131779.00","2025-01-01"
1291,1431,"132575.00","2023-01-01"
1292,1431,"135742.00","2024-01-01"
1293,1431,"148505.00","2025-01-01"
1294,1432,"69343.00","2023-01-01"
1295,1432,"72827.00","2024-01-01"
1296,1432,"81455.00","2025-01-01"
1297,1433,"91233.00","2023-01-01"
1298,1433,"94247.00","2024-01-01"
1299,1433,"105901.00","2025-01-01"
1300,1434,"69029.00","2023-01-01"
1301,1434,"74706.00","2024-01-01"
1302,1434,"81331.00","2025-01-01"
1303,1435,"74166.00","2023-01-01"
1304,1435,"81819.00","2024-01-01"
1305,1435,"89396.00","2025-01-01"
1306,1436,"35235.00","2023-01-01"
1307,1436,"39647.00","2024-01-01"
1308,1436,"44323.00","2025-01-01"
1309,1437,"80004.00","2023-01-01"
1310,1437,"87388.00","2024-01-01"
1311,1437,"89580.00","2025-01-01"
1312,1438,"113042.00","2023-01-01"
1313,1438,"117309.00","2024-01-01"
1314,1438,"128866.00","2025-01-01"
1315,1439,"92103.00","2023-01-01"
1316,1439,"96552.00","2024-01-01"
1317,1439,"105323.00","2025-01-01"
1318,1440,"68923.00","2023-01-01"
1319,1440,"73142.00","2024-01-01"
1320,1440,"82215.00","2025-01-01"
1321,1441,"75419.00","2023-01-01"
1322,1441,"82822.00","2024-01-01"
1323,1441,"83389.00","2025-01-01"
1324,1442,"28694.00","2023-01-01"
1325,1442,"32576.00","2024-01-01"
1326,1442,"40412.00","2025-01-01"
1327,1443,"134188.00","2023-01-01"
1328,1443,"141435.00","2024-01-01"
1329,1443,"142930.00","2025-01-01"
1330,1444,"58735.00","2023-01-01"
1331,1444,"63317.00","2024-01-01"
1332,1444,"74621.00","2025-01-01"
1333,1445,"42253.00","2023-01-01"
1334,1445,"48977.00","2024-01-01"
1335,1445,"57231.00","2025-01-01"
1336,1446,"96525.00","2023-01-01"
1337,1446,"100478.00","2024-01-01"
1338,1446,"111609.00","2025-01-01"
1339,1447,"73586.00","2023-01-01"
1340,1447,"78603.00","2024-01-01"
1341,1447,"85576.00","2025-01-01"
1342,1448,"105300.00","2023-01-01"
1343,1448,"112320.00","2024-01-01"
1344,1448,"114384.00","2025-01-01"
1345,1449,"88165.00","2023-01-01"
1346,1449,"94100.00","2024-01-01"
1347,1449,"95125.00","2025-01-01"
1348,1450,"102813.00","2023-01-01"
1349,1450,"106622.00","2024-01-01"
1350,1450,"117329.00","2025-01-01"
1351,1451,"104889.00","2023-01-01"
1352,1451,"112208.00","2024-01-01"
1353,1451,"120113.00","2025-01-01"
1354,1452,"51411.00","2023-01-01"
1355,1452,"58684.00","2024-01-01"
1356,1452,"63869.00","2025-01-01"
1357,1453,"71458.00","2023-01-01"
1358,1453,"76772.00","2024-01-01"
1359,1453,"82706.00","2025-01-01"
1360,1454,"85024.00","2023-01-01"
1361,1454,"89646.00","2024-01-01"
1362,1454,"95822.00","2025-01-01"
1363,1455,"69586.00","2023-01-01"
1364,1455,"76150.00","2024-01-01"
1365,1455,"81762.00","2025-01-01"
1366,1456,"33614.00","2023-01-01"
1367,1456,"36809.00","2024-01-01"
1368,1456,"47662.00","2025-01-01"
1369,1457,"108254.00","2023-01-01"
1370,1457,"115851.00","2024-01-01"
1371,1457,"122184.00","2025-01-01"
1372,1458,"116194.00","2023-01-01"
1373,1458,"121699.00","2024-01-01"
1374,1458,"130346.00","2025-01-01"
1375,1459,"47456.00","2023-01-01"
1376,1459,"54777.00","2024-01-01"
1377,1459,"54138.00","2025-01-01"
1378,1460,"139360.00","2023-01-01"
1379,1460,"144875.00","2024-01-01"
1380,1460,"154984.00","2025-01-01"
1381,1461,"44340.00","2023-01-01"
1382,1461,"48760.00","2024-01-01"
1383,1461,"55478.00","2025-01-01"
1384,1462,"86910.00","2023-01-01"
1385,1462,"90139.00","2024-01-01"
1386,1462,"93682.00","2025-01-01"
1387,1463,"64537.00","2023-01-01"
1388,1463,"69079.00","2024-01-01"
1389,1463,"76299.00","2025-01-01"
1390,1464,"110121.00","2023-01-01"
1391,1464,"116674.00","2024-01-01"
1392,1464,"124449.00","2025-01-01"
1393,1465,"56423.00","2023-01-01"
1394,1465,"63590.00","2024-01-01"
1395,1465,"68497.00","2025-01-01"
1396,1466,"30654.00","2023-01-01"
1397,1466,"34462.00","2024-01-01"
1398,1466,"44144.00","2025-01-01"
1399,1467,"31419.00","2023-01-01"
1400,1467,"37042.00","2024-01-01"
1401,1467,"38613.00","2025-01-01"
1402,1468,"112699.00","2023-01-01"
1403,1468,"117392.00","2024-01-01"
1404,1468,"128055.00","2025-01-01"
1405,1469,"120475.00","2023-01-01"
1406,1469,"126600.00","2024-01-01"
1407,1469,"129849.00","2025-01-01"
1408,1470,"134630.00","2023-01-01"
1409,1470,"137668.00","2024-01-01"
1410,1470,"144568.00","2025-01-01"
1411,1471,"105054.00","2023-01-01"
1412,1471,"111248.00","2024-01-01"
1413,1471,"114794.00","2025-01-01"
1414,1472,"107839.00","2023-01-01"
1415,1472,"111205.00","2024-01-01"
1416,1472,"116393.00","2025-01-01"
1417,1473,"84833.00","2023-01-01"
1418,1473,"89849.00","2024-01-01"
1419,1473,"95063.00","2025-01-01"
1420,1474,"30307.00","2023-01-01"
1421,1474,"35844.00","2024-01-01"
1422,1474,"39663.00","2025-01-01"
1423,1475,"112137.00","2023-01-01"
1424,1475,"115220.00","2024-01-01"
1425,1475,"124949.00","2025-01-01"
1426,1476,"117560.00","2023-01-01"
1427,1476,"122838.00","2024-01-01"
1428,1476,"126664.00","2025-01-01"
1429,1477,"66472.00","2023-01-01"
1430,1477,"74388.00","2024-01-01"
1431,1477,"72642.00","2025-01-01"
1432,1478,"28354.00","2023-01-01"
1433,1478,"35033.00","2024-01-01"
1434,1478,"36464.00","2025-01-01"
1435,1479,"86140.00","2023-01-01"
1436,1479,"90077.00","2024-01-01"
1437,1479,"94028.00","2025-01-01"
1438,1480,"43230.00","2023-01-01"
1439,1480,"46774.00","2024-01-01"
1440,1480,"52234.00","2025-01-01"
1441,1481,"112467.00","2023-01-01"
1442,1481,"116838.00","2024-01-01"
1443,1481,"122669.00","2025-01-01"
1444,1482,"87303.00","2023-01-01"
1445,1482,"94696.00","2024-01-01"
1446,1482,"97995.00","2025-01-01"
1447,1483,"109199.00","2023-01-01"
1448,1483,"114341.00","2024-01-01"
1449,1483,"116975.00","2025-01-01"
1450,1484,"136372.00","2023-01-01"
1451,1484,"141027.00","2024-01-01"
1452,1484,"143788.00","2025-01-01"
1453,1485,"121879.00","2023-01-01"
1454,1485,"126523.00","2024-01-01"
1455,1485,"129961.00","2025-01-01"
1456,1486,"27161.00","2023-01-01"
1457,1486,"34002.00","2024-01-01"
1458,1486,"41005.00","2025-01-01"
1459,1487,"131165.00","2023-01-01"
1460,1487,"136038.00","2024-01-01"
1461,1487,"137787.00","2025-01-01"
1462,1488,"125743.00","2023-01-01"
1463,1488,"129427.00","2024-01-01"
1464,1488,"132847.00","2025-01-01"
1465,1489,"83169.00","2023-01-01"
1466,1489,"89207.00","2024-01-01"
1467,1489,"96345.00","2025-01-01"
1468,1490,"44335.00","2023-01-01"
1469,1490,"52225.00","2024-01-01"
1470,1490,"51007.00","2025-01-01"
1471,1491,"100868.00","2023-01-01"
1472,1491,"105591.00","2024-01-01"
1473,1491,"112076.00","2025-01-01"
1474,1492,"124968.00","2023-01-01"
1475,1492,"128084.00","2024-01-01"
1476,1492,"133470.00","2025-01-01"
1477,1493,"86097.00","2023-01-01"
1478,1493,"90534.00","2024-01-01"
1479,1493,"97833.00","2025-01-01"
1480,1494,"118347.00","2023-01-01"
1481,1494,"121809.00","2024-01-01"
1482,1494,"130757.00","2025-01-01"
1483,1495,"83973.00","2023-01-01"
1484,1495,"89363.00","2024-01-01"
1485,1495,"98255.00","2025-01-01"
1486,1496,"38224.00","2023-01-01"
1487,1496,"42731.00","2024-01-01"
1488,1496,"47408.00","2025-01-01"
1489,1497,"31681.00","2023-01-01"
1490,1497,"34888.00","2024-01-01"
1491,1497,"44897.00","2025-01-01"
1492,1498,"121838.00","2023-01-01"
1493,1498,"129766.00","2024-01-01"
1494,1498,"136496.00","2025-01-01"
1495,1499,"125015.00","2023-01-01"
1496,1499,"129334.00","2024-01-01"
1497,1499,"133363.00","2025-01-01"
1498,1500,"114074.00","2023-01-01"
1499,1500,"117538.00","2024-01-01"
1500,1500,"121898.00","2025-01-01"
